feature,importance
MedInc,0.5211030937819616
AveOccup,0.12673580829535117
Latitude,0.08285238091761336
Longitude,0.08262109637660703
HouseAge,0.051767205692472625
bedrooms_per_room,0.028831901438817233
rooms_per_household,0.02537346436175109
AveRooms,0.024635080932308945
AveBedrms,0.021671905530386705
population_per_household,0.01838417693480858
Population,0.016023885737921753
